{"epoch/categorical_accuracy": 0.8911392688751221, "epoch/loss": 0.2845228314399719, "epoch/top_k_categorical_accuracy": 0.9911392331123352, "epoch/val_categorical_accuracy": 0.8282828330993652, "epoch/val_loss": 0.42738041281700134, "epoch/val_top_k_categorical_accuracy": 0.9797979593276978, "epoch/epoch": 9, "_timestamp": 1719680659.287749, "_runtime": 455.4617819786072, "_step": 39, "_wandb": {"runtime": 183}}